5232982005cd4da5be9500e4ce5f00ca.jpg,2
2a8d3eb0d83f4660abed25a27250a0da.jpg,4
bddeff3c664c4ddab4609a02b1402219.jpg,8
605d954e2bf7470ab7fa4538048a27f6.jpg,10
39c80a4389094d8c8570250169279049.jpg,11
22ba8a63bd2b4759943f3b13197adb54.jpg,12
0a4c6b04422b4a82912bd4cffed37071.jpg,18
e525ba769fc74a2180b39d4671e6a4e4.jpg,22
f892f73bbc644e01ad5781d80c1e6319.jpg,29
f8e78e795c54486b9b36fa3ba48e8dba.jpg,31
ddcf5272e3a54e8bafe0b1e21e0d8b0a.jpg,33
c36c3dc23d4647f190f608dff65e2930.jpg,35
c5cee1f052cc4df28b07e98138a3be86.jpg,40
9b3d49d6c38a4d15a7f14f359a5e3b6a.jpg,41
855872f4f9e84b308e1b00b2d15b79dd.jpg,42
11bf92f89abf44f1947045339f25a4bc.jpg,43
3c79c61ccb4a45998e0531b1fe21f540.jpg,55
0c96d162f528451eb2223d918585c051.jpg,59
c62705642f3b4f55925ff388513bf285.jpg,81
595faecb8ee24284a719989f04b088e8.jpg,89
d1e4aaceb00e4b858f4a027b29d343e5.jpg,91
7293ccf9bd7041a5ba1ac5c7c9022d94.jpg,94
14c3bedb888a485b88a8d73d102aa7fe.jpg,97
baa3971776ee4b98abce860a6c8a92ac.jpg,99
c89e862afab443ae86a02a2e8e9a2c47.jpg,101
103a1b283d72416f8ee609c6fab8b200.jpg,107
2b25ad7fdd4f455e8f61b4f8d6ea49d1.jpg,111
bce4eb126cf543d392e0805a224c0f8c.jpg,119
46aa103a88a84df9928a79cc4595d5a6.jpg,123
347e9a1449664097bb500d3a986ed982.jpg,124
b9b4e59521044ee18bf7298ba5c9a6de.jpg,127
d558894f67a8473f90730945663e263b.jpg,128
8213b7af5d4d4106b50d1a7abd26f31d.jpg,130
85c63bfd82f1447884a1a8237d3181f2.jpg,131
0571626894784dda82e531a81907b816.jpg,133
823a024233f8472fbaad995f7775fbe1.jpg,139
9bc4e582833249f5b402cd57ef7a276c.jpg,141
550f8196a49547b7b270670ad8a6cae4.jpg,142
2a4c01bca50f46ddb6645084889f57bf.jpg,144
128e617deb2c45e89b9ebf822ad82c43.jpg,148
5c92351b98904021a092c6e0fe714e40.jpg,149
1c136f02823944848226505a7591b2ca.jpg,155
8a440a9d17574adca75330a7d7de3b2b.jpg,157
516b1244384241099e0a8e0b9815ab69.jpg,159
33df32a7a6224a0c86b65c1aef9aa9f7.jpg,160
f82b71aed8aa4d34af1d0dec129ddc19.jpg,161
e5dfc69563aa4d7c8bd45e4fc8e09aea.jpg,164
020a0d75a5284d16bd47ffc3a36c6106.jpg,165
e236b7810f524c89928c2c486e4d9bba.jpg,166
f989a77c0083402cb6af4129cde55470.jpg,167
d3772cb0035f4d96a5f4b8e1f74d5124.jpg,171
19d6b9b29b164340af8ba7c1c09f4b4b.jpg,176
a7099bfb238b4fb798ada802914e59d8.jpg,180
e0f810267bab4fe8a006acfe1c50b507.jpg,184
11605c0c46ff4bbc9d89c2d4f0f8903f.jpg,185
ef5f1d5aeb2c4accb5c53d6f772b4fcc.jpg,188
0d168dbbd2d14b53b4a8de657e90688d.jpg,190
d3bbf11c5846411da1e0330973a7a650.jpg,192
0680ef6709e04386a770461980b0d2cb.jpg,194
191b0ae1ae444f9f8409c2d8942e25aa.jpg,200
a0f4546ea3c74ff78549079b0691b25f.jpg,210
96b86d8bbbe84162a7da36c8cf2ffa54.jpg,225
ba49099c287140c5a3a938df8adfc9dd.jpg,229
52da0b22fd844be294dee29d78e6220e.jpg,232
d4b9520362044acf94ed146fd53134ec.jpg,244
5c993ff5d08b41a791f11b4a01bf8e27.jpg,246
c70663e3912d482ca155014d30def0db.jpg,250
a6369b6c3e6e4fdc87cd686dc02f8683.jpg,252
33ffb47d2e7348128729f745447baa98.jpg,253
be0cea71ea8b4a18af4aca39ec64f649.jpg,254
7dd2ba56faed42d585e08c4e2a9a3ce1.jpg,259
c95e75043c11416982a3d2ac09b7db14.jpg,264
102e875bde18467ea846ee3f34a1bb27.jpg,265
75d43239b53d43b39016654d60b4091a.jpg,272
7af31d5e967a4b278421243a827e7a1b.jpg,273
cca274160c8340499015318f195f060b.jpg,277
0d44aa9a8cd94f9dab36b7534ed0c0d6.jpg,285
0fd7ae931a27419f9a23430f48080380.jpg,289
946c0532effd4cc0a27e4702ed06d65b.jpg,290
a6311552677342bdb6506cbaea472322.jpg,291
0ff02e02a0454227b732ce733b9b2484.jpg,299
e8ff888b73aa4abda6b4688b3acee6ee.jpg,302
8f63758a8b1d492a8151f6a2e0b22664.jpg,309
daa3bd717be64843a03673c029e0d1a2.jpg,311
bc0c25aa2587406f878caed985a91c59.jpg,316
b4dca9252df545938ab1a9e0dd853869.jpg,318
1573d53b67984ec0aa1dde1492326b8a.jpg,334
6b7a6a12e98b462cbef466e3529eb85b.jpg,337
991fc8a0354540e395445681f6f830e9.jpg,342
2055b52b75ec4932a3d976ab34012ccb.jpg,350
4527650112d545ba86f7b73715490ee2.jpg,352
7c211e3be06e4c9ba3b00f4d8e0c0eb2.jpg,353
5bbd2e7043164b3ebec3a344ded2e9eb.jpg,355
c59a49f6915f488e9a1a6461abab9711.jpg,359
490caad763f940609706670b1694d261.jpg,360
2b991e6e7a064a958e89a01643a2f479.jpg,361
e0e13ccaa586432093d37cc20d0a2051.jpg,365
5f940f6733a640e2b94f41c3effb0412.jpg,367
68525d484819465aa60860dc58e1ea12.jpg,369
81fe5a0135e74d229e4669a7e7049593.jpg,370
7d409ce4b8a54c18ba4aa1c2a5772211.jpg,372
545497ddb1c04882b4437b9a27070e7b.jpg,373
8b8d701b11fd4f58914171e8a042e09c.jpg,374
b277b113c31f45c591a2396099b6403e.jpg,378
6df627bcd7354e4daad0f412187b3d6d.jpg,380
3ae7b7cfc58f41d3bf6564c9db5eca4a.jpg,382
fcef7915a2ee4b99a1a2ab3068641e91.jpg,386
0a2a3e3cd39d4fc48e7f9b24c2557c29.jpg,388
6b8d06faf4e84fe98f02038b8e6cff7b.jpg,392
2f316fecc67a4c269a741a7dd85697f5.jpg,395
3a99ec69f770488d81305c134c9a8242.jpg,397
8d23567b6edf49a68de69c0035ed1709.jpg,398
ae4a68dcdc1e4896b431694b754ddd57.jpg,399
f522927755e74ed4acf7af52f9f32a55.jpg,403
f2ac124dfee1489fb02b228801d406e0.jpg,409
d50bb9aa9b7c49c280a2f72a2c5e83fc.jpg,419
2804f54cc67048f49f6ffe4d3bb1c7a2.jpg,425
e7a31858b73d478b8864d3b66956c29c.jpg,426
3eeb987ad22148b7bcb966bc63cf92f6.jpg,431
af7a7bbd51f14601901b7f87b60de80c.jpg,434
0e9a02a720c94769a840dff531a7a49c.jpg,436
d37e91c410b94f3f8e37fd3b7315a6dd.jpg,438
c4899d0bfb944443922ed5d051eb5b67.jpg,439
0f8ef78f8add42a0b461ff5c7c589e72.jpg,442
8a5453353bb642249187ef85474c955e.jpg,446
2a860578df6c4fd38f0d55fb758be5f7.jpg,453
34818f63fd8f4276b2731510c1a38d99.jpg,454
847b29c691be4906a46518dbbd9a8e0f.jpg,459
b1cb2a980038405ca70c59f06b3a43f3.jpg,471
6d932a56a8e64f1eb9a3f20ae8c1980b.jpg,472
8d56599a22c04c23867d32003d4d74ad.jpg,474
08f5a1876ddd4b06be2838ec799ebb2f.jpg,479
64e8dd8d7d7c438f919114fcb47a8b50.jpg,480
1592901c474b4d7d8747590273ff1d05.jpg,482
bd87673040ce46afae6a3f8d6d956714.jpg,487
5becf9e0866a4673abe181df81502385.jpg,490
d303ee7c857e4cd19f94ba4f71828410.jpg,491
b9cbc4f8c63644a2bfa64a4ca97a68ae.jpg,492
bd72188fd02a4c4cb9b5bdd915daa653.jpg,494
2c06c54f6ba948d996f64d200e0f735a.jpg,496
8b79917aa1e44b8b892341fae95e36a2.jpg,501
69530340f5484622b05ff5253d26db44.jpg,506
eb8210340b764374a1d45b29ca384611.jpg,510
5d39405c798e44998f8d0cafac6a17ae.jpg,515
caad4b4bfa84453f97e25655a2bb0092.jpg,516
07b0043f95f94d02877cd06788e4d84a.jpg,517
d7a3efb9da5c45959b5af15f32598d5d.jpg,520
eacb74d0e12b48d39f1630794f0a7fc5.jpg,534
7e60b2140da04b5a8850f580d819b0c1.jpg,537
0131ab55f0ca4372a33ac979e50b8a80.jpg,538
c9eaa32ee5ae4ce0b29623f7e46ae852.jpg,540
8729084c9eb541189a313354479531e3.jpg,542
fe23a8bd5565470b90db44e94905c6f2.jpg,546
6abc2e4fca2c476eaa0de7ee74f95cdb.jpg,548
4e1b89b1871e484383ebefb82286b507.jpg,549
a9522701642544f2aedbede833e102be.jpg,551
db3c8ed475de46cc9e3406c29b36c95a.jpg,554
a6dd9e7b91aa49a2a127e5385dd8dcb0.jpg,555
bb1541aae39740b98ecce02af2f54cd4.jpg,559
09e8e328eb924706b43fad1899689458.jpg,560
35a761f86bb14289ac8c828b07285ab4.jpg,561
80669984908d4d059472ec23929da81d.jpg,562
2e3543fe8c694ddd968f21a5da95e352.jpg,570
11cff90062024008ab753c1656786827.jpg,571
7c4ce018e331447595347136e03fc72e.jpg,574
39c61ab383a54e71aa7910e723d2bb7c.jpg,578
6b5912561ce44b178ea4701789e0dc90.jpg,579
b23f32083bb24f11bcf655565a578f30.jpg,587
32cd6b3634aa42cc83fc2667a97b276d.jpg,592
35c411605bd6486f95dcfc7c2277fb4e.jpg,593
24d5eb4c8d0d4223a790ac06adc43eea.jpg,599
6f90b75977b94c8780e24521b681a686.jpg,600
964ffcbcaa004d39b62c3d5b8ac2e0f0.jpg,602
80c24fa9b7c94837a69062bb4d270684.jpg,604
ac0fa3d8c0b54aefbde7c6258f61ad35.jpg,605
9907fb9b9a5e486d8696e50dc1e61c49.jpg,615
d10208c7479e405f93e98903021b18d3.jpg,619
b8b3b5aa39a140678bfc5788e9c47349.jpg,622
90ee195b75374b00b873bae2937ce240.jpg,626
7306bbe8c46d42bcb651c237fad8338f.jpg,627
16adac9a193a4c3db495d22d09e36edb.jpg,628
74c997c9d9294bfdba185a60d330bc9a.jpg,629
89f853d6e94f49a28d534c6e441582ca.jpg,631
80c5c0eb840a498f84a2e1ddc9bd6fd6.jpg,638
34a3268d1df442bf9a6eb442c7d3c556.jpg,640
bc6f0b097be848c791b54390ada17b36.jpg,647
79c31ef0dfcf430ca53fa8e555f0ef7e.jpg,652
021450d6856e4d178128d384751d8e6b.jpg,653
94bc379b6aca4450a6fe066540a8fb74.jpg,657
eddbd53422ff4b8e8e3f6fa6b02b6bce.jpg,662
7b349caf5f6940eaad8df07661af4546.jpg,666
ef6db929faf445a7a4df83500eb96bdc.jpg,672
be7de3ecbb05436ea5dc2e0032effefa.jpg,673
7ad9f35866cf420bbf1cb70c25069012.jpg,676
b138ed7c2dc14525b5d38f302eb67e67.jpg,680
7c73d2dc56714b5d919b31733cb39b29.jpg,685
b0f3f9c94df24f9b808ce907f961694f.jpg,688
19ddab972f4b42cebc8cfa8d25ad0e6d.jpg,689
e29122bee75b4fb089e896aef446519c.jpg,690
10314ae22b154d83b5521f40710f9140.jpg,692
4912c9cf62d64fa699a478fac37b7c48.jpg,694
ed6c2af527a842368e37cb67562e1bfb.jpg,696
95ae3d3e1b4b4655b66872a0aee3bc8e.jpg,697
6db5b0c5edbb4550ba100fc06c493c4c.jpg,698
5c9e3591ab004539966632d635023847.jpg,707
b398f680871a4668b0798a376b8c1ce7.jpg,708
64bf32994117498f87d04f26037a39d5.jpg,710
27822ace0fc5420ab2ad257d964e20ef.jpg,712
08ab9b4bac904250bee1a59dca8af391.jpg,716
615331bdd49f42a99998cf72acfff275.jpg,737
a6416723cb64468fab4513350b9e45c3.jpg,739
1fb4c3c4ed1943918a30fe4385160b2f.jpg,745
22b095f657444ae3b53c1497b964533d.jpg,756
b48b8f6ba2574af3bc06b3d0580c147f.jpg,757
360a6eb72b634f59aedb2cb33754336b.jpg,760
7485cdf2456449d4b58b6875aacd1779.jpg,761
1ba9c978400b4130af3f46cd0f70493d.jpg,763
ad7d590080634dc7b51aaf6c4c48f3cd.jpg,771
da7428c6702d4ea0a88bfb9e6439cba6.jpg,775
0b57ea7ad2994894b6af6844d5870f0e.jpg,777
e45387f93eae4a12a8612d65da6508e1.jpg,779
f542e329dd234207bcb2a47c29b3dbcf.jpg,786
fcc69a54bb4d41959aeca5832ebc25ae.jpg,787
1c8b5086c4eb409cb3a710df25f121c9.jpg,794
af6ac26d964042488b9e342461dcec9a.jpg,795
75cc08f20e194f979d3eec4a50ccf76f.jpg,796
5be09881ba68417bac835cfe661641b7.jpg,798
60e277f84cf343fbbbfbc08c22d5fdfd.jpg,811
a1dee8f605974a0c80146be8baefdea7.jpg,813
4fab0d393ad84802bf51824c0fedce4a.jpg,814
2ccddd2543cd42a8bffba383df5a77f3.jpg,818
5557825db5454f708b14fb9a3017a3f1.jpg,819
f126055acd704d1fbf5eedd52f4eb165.jpg,822
30e763a9b579402888456e6f4f600488.jpg,823
f6f697327a414ee89045f0a675004a0a.jpg,826
72992690bebf40ffba207c5941290ada.jpg,827
58f19b30a0bd416a84713bb6bae1ec6b.jpg,829
a707b65d620340189db116181f20e3a2.jpg,831
1457abdbb931445b9c1c77cb9746c331.jpg,832
eb841e37fe634a1bb747c7a151924d20.jpg,836
d95339f51fae4a609f67c948d13aac9c.jpg,837
90ac2469b8ad4c58bd4af481ff9208dd.jpg,840
d8ef640f0dd84461acf29978cffbae38.jpg,842
05d287382b4242ddaa42f659996667fc.jpg,844
91b6e97ce54c4eb586a98998249aad54.jpg,849
501b44f08e6a45dab2e356d327eeec5f.jpg,856
97a114ed3581449a848d29eac7ea2260.jpg,857
87b74f2e997847a9bf1441a99df1222d.jpg,860
d7f537cfb3e24b26b17b23a9feaa4919.jpg,865
98e30dcda7f345bfaca804cf4ebed31b.jpg,876
f76af2eb21f648adb23b4c20d7def18f.jpg,877
f18892a93eca416b9d063c16d74f979e.jpg,878
602e5b0ae85b42618f638530de3aa7fb.jpg,881
dd43f00586e7428191852d9856b46541.jpg,882
be0919c72a324164a57acd7e2c1ded76.jpg,885
900c01f09c0242199ef3e5499a365c07.jpg,888
5f47387cf64143cb9d1af0f157002380.jpg,892
9e3f81e3fb8249bd91acca9b13aa544b.jpg,893
9292a03cbb2647edbaf27a93a1fb2b82.jpg,895
23ab3ccbfc714f1d8da53f77dcf9f9d8.jpg,896
d5ae0425b4fc419ea939d0251e460d74.jpg,898
8359b28411f84ffbb1a7c70d63a65a37.jpg,900
c0429c6c6ab041e89cffc65cce733560.jpg,905
0ed4960d2642476fbd3899cf9527cee9.jpg,908
c191c427ba494dcf987bacd254004f8b.jpg,911
872e3fff8be44ff5a34a4acab066542e.jpg,933
628a71c8aa7445968b5c3ab425ef0da8.jpg,934
add664878ef14b18b5954cdd96f0043a.jpg,940
d2f5606b5a2a400f8798c8b7a390a8cc.jpg,941
943b79267e7249348c80827983a3357d.jpg,943
ad31f5391c2946b5bfae3a4a17dcbcca.jpg,948
544a8e1e8b4844df8875d36383993029.jpg,949
613c47066c4045e087b6ead80b70e5d3.jpg,955
00071be2b9dd40728e9087e70d47b9cc.jpg,956
3c0f7e24b55f40eb839a8c6f6253b0e1.jpg,958
b4a69a400e8447e5be9e821f3f56592b.jpg,959
d1a31505235d4e7895f30e890104dd54.jpg,960
44792478b8e146e8a9db64062fb2e993.jpg,964
cec0ddd31eda4b469777ca9da3c9ba69.jpg,971
9c641d201f0b4ba2b8eb6f49c7c6918a.jpg,972
a59fe29ba8334160828b956d4011d556.jpg,973
8514b0cb567e41cea64ae9ef3d9215d2.jpg,974
35824e11ce5c4dc6976f6cecbb8b849b.jpg,976
95f82694b5ba4a2fb6a75d3b1c04203e.jpg,977
a649ad4a514043f989501bafed70c591.jpg,983
bd5eeb48e96e4f1e995f79cf8e97b6c7.jpg,991
6e75fa87c13f44ac8645491b453369a5.jpg,992
73f2edd10a614d2b8afefdd235700592.jpg,996
eb9a7030c7664edbb1b1a96551d5bdb4.jpg,1000
7a0fdeb8c5e54a3ab62a4f1f76859aca.jpg,1017
b1f266252d714e49af2bbdf6a365e904.jpg,1024
27d501139221471eb72cae30e0656a34.jpg,1027
7209501167da4b788d75dbf163478e44.jpg,1028
948680cf09264cef8068d5a9a2c51281.jpg,1030
d535e3c039444483890abd979b36d0c0.jpg,1033
bd92af7f2bbe4e0da9a130b6ca421f5a.jpg,1034
d155468a93f449fca64c739df49e8420.jpg,1035
a2dca6aef7754899b489f59ab578ed8a.jpg,1036
9da688184f5e4b8b84c8c02b453979b0.jpg,1037
c30b311eb75a45f5b22446d81f3cd75c.jpg,1044
32a3b7fc7c984d5183be54c9829fc3f4.jpg,1046
0a4ade1985da428ba83137f0adf87c88.jpg,1047
17125cbc7daa42079dbefc215429fd81.jpg,1063
54017312dbf548d38a4843a037233c9f.jpg,1066
aeecd645cb55483ca6a75780a986476a.jpg,1068
ce0251207eb34fd2b3c907bc38295f61.jpg,1069
d1507d40e5104adca8061bff463c8224.jpg,1070
74b14cc831b14f6f9fb4ab5c7060a0c7.jpg,1073
b4aee1258cb84c8e99e7fdfda6fffde0.jpg,1074
3f0b0a492aa44988b73864c1376ba48a.jpg,1075
5c9f09eaf67f4de2821cfd3f00f9026e.jpg,1077
b584a84ee99d4a86985aa8198ed4094f.jpg,1078
49c8b16c49054d61a24f13e2777354d1.jpg,1080
b04760e03e9a4127aae43c0fd914e5fe.jpg,1081
2ea96036b67c4a2ea1a1f94333096128.jpg,1083
8c9d6d77bff14a098b5cd56f35316f8a.jpg,1084
291e99121a8847d38fec9165475d6db8.jpg,1087
5f1738f38be440069bc746407a8950ce.jpg,1091
c90498f5f3034ad9932017cd00e98faa.jpg,1094
7f39c4691715473f999acb5244ac1cfd.jpg,1099
2485193797084f3d8cd735ef2adcf49d.jpg,1109
6421976d64db417da993e60bee034a29.jpg,1112
d48990ac6bee429dafc902e9a452d1d5.jpg,1116
8c7ca629a68c4b09aff4505c9b1e4eb0.jpg,1119
d81a6c0c7d12416fb03fb6c172bd6f41.jpg,1120
8f66a01836e544979a9b71b453867a90.jpg,1123
193e224bb68242d782bd9fd955f423b2.jpg,1131
2673cb2dbb3f464ca77b884e3bbce3ef.jpg,1133
b592faf3be0b4c298eb483a0f5e205c6.jpg,1151
619ff03fc72149deabc883ebdf4f2a48.jpg,1152
9201b4a498d648a6944bfacd404ef4fc.jpg,1153
fc65849dafd7447a8c6d8d41925d987a.jpg,1154
57f8f26021034bccad473be1767b905c.jpg,1157
0c6be527c6e24a6d9a5e401b106a9396.jpg,1159
b710fc5a5b914e3fa5365f4aeb0d36e2.jpg,1161
80a6e3726bd848f49af476838b3132e5.jpg,1164
43ace5680ed543d1aabd83eae907dd59.jpg,1170
32d807dd55b04e2090a31a4be42ab1ce.jpg,1176
1238ee8ab9114487b51a25b48eb69b8f.jpg,1178
4454be45cb2c4189a50d12551c7f3019.jpg,1187
2ebd263da81c4738b0de6fe175ea2322.jpg,1188
1a3a6c61e14a4e6daf6380c05be0018c.jpg,1189
5694131d901b4746b69de6aaa91eb538.jpg,1192
5f8488198118422caa9b6a15c9683ade.jpg,1195
5493638d61be4fb6a44877c0a4625474.jpg,1198
cac67c4f2ab3449584a5f8662a0d826e.jpg,1200
230e861adecb4642a7053943b6e183d5.jpg,1201
8bd6006536f54735b623608c299ae8f5.jpg,1204
9bdf615c2b984260b277b39d63d8e20e.jpg,1205
7e69170e5e284e9fb6f9846bbae6be29.jpg,1206
ae465dc1fed74bca91e63143997cc933.jpg,1213
9373b4e3396b44ba9b193bb553031485.jpg,1216
9c5ff5ab298b40c79da59189bc9cae11.jpg,1218
c69dae19176a46b7ad5a9115704d9867.jpg,1223
335c2d2b5cc149fc9ca99abda310d3f3.jpg,1224
e7058a9a62e040929a514f120bfd43fb.jpg,1230
13fb0ee6005a4b3ca2446a122d07fb6d.jpg,1235
3cdbd427c2ed4904a39fc2bd81ca6669.jpg,1241
56149920bd7f406da1658ee29c942696.jpg,1248
f8c4af4c27a142e0b1664677115ba8a7.jpg,1251
4fe8fe6930bf489eae6dd673d1bd0643.jpg,1252
036c9f14b84f4f2fadb9aafa3461c464.jpg,1256
3cdcdcc2918947198b221801fb588d22.jpg,1257
dcfb357325644d989f3fd7d8145713cd.jpg,1259
d9155ed1820c4375b7962b3d5be67a8d.jpg,1260
5d85543ed8014c32b1758f1829caab0e.jpg,1265
b0efe3b6328640918925ba77cf18174f.jpg,1266
9d7fb4c1022248aa8c180fd78013b96d.jpg,1271
37419349b3784f89a828c0174549034f.jpg,1274
72b6504955224f4a94dbdfd39d46092f.jpg,1275
483912f58ced4619bd22d2550237c049.jpg,1279
f5f68838fedc4c74ad888a28c9b6bd86.jpg,1280
a27c880429864d0e9652ed54e0c6466e.jpg,1281
48d2bdc86f484a67ba102c16a116d8ff.jpg,1287
160299233085480b9652742cef80ecc2.jpg,1290
3e90a191b2224d26805b1b9d9946016d.jpg,1291
c674fcada8e545b691210fe835308ecf.jpg,1292
ed044f16c7f74dbe9566999f063a3e96.jpg,1295
9e3bb33c81854fe6b0af636286155414.jpg,1297
8bff89fb2dbb4d0f89fb821b0e5fbee3.jpg,1299
872ab19d49b74a43b9f4ec91b26a4f69.jpg,1301
1f63951d404b4c2389fb8a06dcb73691.jpg,1306
e664a3d61d7d4ec7970001a040c1a780.jpg,1307
ae900acc053241e4819eb4db04935770.jpg,1309
b8e3b38bd9244c4a8e5b2a01ca227831.jpg,1311
257bb43e4ee146f88ed3af1a33e3d861.jpg,1314
85fdcbc705ac4dd9b58950186af9c97c.jpg,1315
dddf36a5472b4422a382b66dc9d110bb.jpg,1316
c5becdc703f14e15b3802620999aad36.jpg,1320
abf093d07b6b4773b0130b0be851a645.jpg,1323
af73b053be8140de829dfce0d9e70338.jpg,1325
8d46862c3b8f4e0a98d816eee699ec7a.jpg,1327
268d258a8f8241cab8862869f551c34d.jpg,1329
41f1b100c4074e0896638b44e3fb7aaa.jpg,1339
4b9ff2819fd74edfb4bdd41208587633.jpg,1340
80d0f5afbb634f88afd35587245f4d53.jpg,1343
d4976c0c9f624ad0843ab5d8d2f45253.jpg,1345
81ca7b5b9463466e8799780f73bcce66.jpg,1346
b09b4248c15f4bf69279649bf90464c0.jpg,1356
2bb9e301df424ca0b25ce627b71687c0.jpg,1359
8ccd9cb2222a4609b6bd9227cb979bba.jpg,1360
7125b88425a8456a92ced60a0e49cbfd.jpg,1363
22334d108a6d42d88d35dbbdd9c38155.jpg,1368
26fb48033de94ef1b582bae270eb82d3.jpg,1369
2bc7f765ed6d45f5be3f862a568974d4.jpg,1371
66148aa0315f49a9a507a392de0909e1.jpg,1374
9f735f485ecb4d7ebb057cc24a381ca5.jpg,1376
f1aa492faf584cefbf5d07fe5ab0a34d.jpg,1377
990bc7e35a1a4f8d8562582bbb2822dd.jpg,1382
042c59fb38384fc9a3f9cbe6f0d4f7eb.jpg,1386
0c87f053123d49e89ef28d0e4e2c2842.jpg,1389
fc095ce5ff4247f2937839270fef03d9.jpg,1391
c68c5a111d4c49c59e1a57dbb28214cc.jpg,1399
8e3728c7c8d84ccb9c7cf8703a682b66.jpg,1405
31591ed9e03242dab9c190c9e7e77843.jpg,1407
fa70d9e34c684a8884d191f2993925a2.jpg,1422
ab68a652098a42bca3f751f0e0383e4b.jpg,1425
23c2e6c408dd4139af76636e8a0a8371.jpg,1428
ceddadfa62e64ee2bc890c1df6cad842.jpg,1429
73de6eed06504bafaa332c0adfdd5290.jpg,1436
60a69b6db7be452780fc67e1159f84e6.jpg,1438
a734baade2fb4bd3b480cbb440963e9d.jpg,1443
41347c42a85449a2a8a734465d02b79a.jpg,1457
9bd403f4e30d435c8f339a8b61198826.jpg,1462
005c63b117b4456bb6d653653b662da8.jpg,1477
e4698066fae740adbb8a1c6b127c82f1.jpg,1484
942e162c321741789979e18ef9dde52e.jpg,1490
1e7ec90c27b54285b3215bfdc0635274.jpg,1494
5f4b8e6b4a264649b63130b37d1364f0.jpg,1496
63fe27685c164e06bab7591436b38620.jpg,1498
3c67a1773d214e4faa8f29f4d839d2f7.jpg,1508
508cdf546c01468794500b13eff99abe.jpg,1510
84c58842cbae40868a5b1d4548203c8a.jpg,1517
f1e8f56511e544d39b4687f9b1d55600.jpg,1521
3b70b2a5b6544b438383577f27a24c84.jpg,1526
5fb0b7e23b1b4948864a9cf9092073be.jpg,1529
dbaa2ea3188b49528518221cd7e7ed37.jpg,1534
eccab2b2cf984de6b23ed48f9c9a59fb.jpg,1535
50a3e6bbf8c0430982597cecde9e6eb9.jpg,1539
1ed78a15a92c4fcfb4b5949bdf8f8edb.jpg,1542
7c2010278379405ca63c6583ad69146b.jpg,1543
fb771d14c2524be092ddf535473f66e6.jpg,1544
484b0323365d4ee987ad2a0092a9c6a1.jpg,1545
ec2ccc32394942f694845c4d0fdaa99f.jpg,1546
f921f18e162a43e88602718f6e00ef95.jpg,1547
e315a92ddf424dbe9a8019befe2fb91d.jpg,1549
aab79cdcf69a411f9f51dc11d05a9dbc.jpg,1550
350823527a404330b6bbb537190708f1.jpg,1551
bcb5f455baba4cad99147f76b38c9c84.jpg,1556
170c6fe1e3c24db6a8147440ef5c2464.jpg,1564
d8342e3b5df54a12aa773d43ade317ff.jpg,1566
2e53bde9f96846bf96f1bc05761c5df1.jpg,1569
11a2966a26a347168a244b1bac1d9336.jpg,1575
f0d20be34ddc4077ba7c39cedb93b644.jpg,1576
2cdb503db20e415a94596ba7bf50d37a.jpg,1578
49653d0474614a84aede0778f1ae08ae.jpg,1580
525a5fdc319d4d25913c18680c1a716c.jpg,1584
b6e34f39602744dd83c26330f561354f.jpg,1597
808e0d8f1fff4961a7d6ed949d4f9f6a.jpg,1599
3c50ab97092343bc87ba7be1e5b87503.jpg,1602
669ed69592eb48ddb4eff0f4d220f815.jpg,1609
e7b666f955a44f3d974a0397cf420443.jpg,1611
2942d386d37640b6972df79fd71b5ccf.jpg,1612
f227bf99ac7f4371b43182608d15adbc.jpg,1613
5cc7bc1162d941c684f1a15d0444f610.jpg,1615
26472706c55d4a9d998178452af7783c.jpg,1617
35606353c84d40f380045ddce1412797.jpg,1618
9e024be8f6fb42c2be434044c7c8cf0b.jpg,1619
33b7d8530a244559ad85a23f9e0d0524.jpg,1623
137b5c14948b4c94877f32fc4b9fc74a.jpg,1626
f81a7844f2a44168afb3fec33b864dd6.jpg,1631
93a5c0fb361f4aca8c62aaf43db73bd9.jpg,1635
28740f743ec84f7598037198e845be07.jpg,1638
c19a5388f3fc43f795bde6705cbd68d1.jpg,1639
767bc07b0e0847aa949e4653cfe76828.jpg,1640
e4566c59dd164566b907c76956b4d713.jpg,1641
1c2bcd38531b48d5a8212cb36f506b1a.jpg,1649
625e7c4f746443a98e500c2942b42281.jpg,1651
2f2cefbb0d234de6b3907f07cdc7c741.jpg,1653
5bb1a6709fdf420999ee3d01a84f5b7f.jpg,1656
223847ec92a843deb473e5bb06cab255.jpg,1658
19a81bb85bc945d88b085f9d3580a823.jpg,1660
a4f15021c5e7495a8fc2df16cac17ee3.jpg,1663
f38470cc43ce4f3483c49f81532713a0.jpg,1678
d6128ac7f95c40d98f98ffe10e447662.jpg,1680
62686d070b364aeaac41e4acd8f4494f.jpg,1686
76b48ba2527a4f8c945ef60274121d8e.jpg,1687
5bb9b78adc0246099b6f1ebb25b25a30.jpg,1689
fc495d1b39e145fc8ec8481abfe96768.jpg,1694
4a980f99a2be436192062cd72e94c060.jpg,1695
48e0957da70a4bcbb91c7e9824587c5e.jpg,1701
f02e30f4efef43d785935891fc192464.jpg,1702
7c44cac22bae4e8d8c66008ea166f7d1.jpg,1703
2fdb01b89e624b1e8fb06988f0a8f474.jpg,1707
b149b580afb54b37ad46777d3551bc71.jpg,1711
efb7a85df3ac4e559dbafc6a71116d96.jpg,1714
701f73a671584381b51477cb742aced6.jpg,1718
f0b88f68310d43319ac223d68bc49c22.jpg,1724
4260d750a906422480bdd0fe0f887d6a.jpg,1727
41807a6931414b5eba6e280531696ec3.jpg,1728
7d3b3b05eb64476b9057162a60091c4b.jpg,1729
71bd593214734ba4a1818e4b3a67bc1a.jpg,1731
ff94920a06fe4605897c4e36a2ba7a02.jpg,1743
56ba541056df42e09df86ac27bae6e61.jpg,1748
0f6b400afd7044d3a565b4214ab73c90.jpg,1754
7c9c95a6dec94bd5872a46782b9c13a0.jpg,1763
e6f774d2a97a4a33ad993242af40ce86.jpg,1770
f818a82924674615a6bfad3a512e9cf1.jpg,1771
08dfd161cd0b4f8e8005b537982e9938.jpg,1781
e6672405f1fa4481b1d0f6bc517e6036.jpg,1785
951201ca5d244d8aa9e26337ace76e1f.jpg,1798
096d99e021344dc6a06ee874a26de029.jpg,1799
0bb3207cc6714eb4ab8752e80c972c71.jpg,1802
d8c2643019d24b7e9427532cfc5ca196.jpg,1803
e99dd22689774fbcb3a7f6dca94d861f.jpg,1805
dcf9c2ffcffa4629a19c7d39b39ffb8e.jpg,1809
081c7a3121384a93aba73f611ee07023.jpg,1812
4f3aca28852345cd8ebfb80bd5cc6d19.jpg,1815
7d0b0e1ce832422e953fffcf15749bc4.jpg,1816
64e0770e726146c2815d7687a3bc3ad5.jpg,1819
fa93fc190a5a457591fbd712f8ecbcd8.jpg,1821
4e879fa1a9994ba48b9e9d5739e3f37f.jpg,1822
cfb0047fe9b343ed85fcac50fe2c6d7a.jpg,1824
989c80077143463fb707114e7ef24789.jpg,1825
db5bdf9a27e94b9da8ed2e32f53608ba.jpg,1836
44bf99ed6e9d4ea9876fdb69b475a9b5.jpg,1837
ff158f55f1d7470f9174b8948bbe2194.jpg,1839
ec09208a80f74a8d8a2c8c79f552ae27.jpg,1847
73fa198d645a45729eefad13fd03dc16.jpg,1848
a709079cda4d4e63940e8d5f41739228.jpg,1854
574a7f92f1e74f0aabbfb23b39d3d987.jpg,1855
e316ee7d32504af4ad250c60858f50ae.jpg,1856
3aa2e0c89ac84daa8bb84e891e870982.jpg,1861
e1723507b4e24d82aaf53b46aaf135d3.jpg,1864
c1c4a130a0c0435c8128f79487e0c82c.jpg,1869
093a1546446643a5b555f7cf09aece1d.jpg,1873
54e3bd589eb54b61a6703981b0f2aedc.jpg,1876
ba46de9c83ea497aa58385323eaf22f4.jpg,1882
bd60f9de969c42d6a181dc747b853639.jpg,1883
a4ec198f1357402fa99152518fb003ac.jpg,1885
ce1a96ed0136411b990e26f37899580b.jpg,1891
e3936e941e2d41139b973ca33298d229.jpg,1898
92bd3adc74704681accc28887650a6fc.jpg,1899
24e1974c9e3548bcad363bb1c61a04af.jpg,1908
b532eb6798744666a16f4afdbb3b4f21.jpg,1910
a9a565c0ef1e4208b1d6de42dee1ca79.jpg,1912
81db003e3b194b99933e4b4510558d71.jpg,1917
a0df90b85cd346d7811ee939277dc88d.jpg,1928
9dedc9b46db6449e8cd76fbeed66881e.jpg,1933
870d36343e534d588944724225a8f0a3.jpg,1938
53b8821555104192b2a6d235c5cd45ba.jpg,1939
5741addc407c42e8af100cd4d84ae6c0.jpg,1943
dc6da9a1a61148148f734bec9f1f6ad4.jpg,1947
88ae057e02344fdd9f6b511dc67f352a.jpg,1950
f123389819f642a8a88a9781a53c3a44.jpg,1951
b1deacd41e86442bba0249ee5edcdd71.jpg,1957
48d312d036fd469aa1ae93620ee8e506.jpg,1963
e0fa0ec7e4324ea687676bea54ff3479.jpg,1974
f35b45abffc647e88d1f64cb5e21e592.jpg,1975
ab70bee15cea44bdac883ec0c19368f4.jpg,1978
0cfad8a8fa5e4409a27fdd1dac998100.jpg,1981
71626f2b62d34a43be659252f9092d92.jpg,1982
5b5a04a000cc4034830dfcea423dc9cd.jpg,1983
563f328287f742f8946fc0ad1c99dd17.jpg,1988
1d68b9f059da4254ab438a45d306b21f.jpg,1990
4f21491fca874c7a98bda96cf9bce0c9.jpg,1995
d9721cfc8d274894868d1c451aa8aff3.jpg,2003
207734ed296944708e53d47fd8d21b35.jpg,2006
4350350fe7914cd49569ced5dd1ab4a1.jpg,2007
48a5a208b5214dd58666a6db0d25ac4c.jpg,2008
2e6ef1b23b9c42bf8d0b1df43b06dad1.jpg,2009
5382cb1f3206465e8e785447762b82a2.jpg,2020
aab6e8ee78464df4a13ade5bf4726f7e.jpg,2021
3534194d7e2d4c8699f7ef9c5f685969.jpg,2023
677d9419785f4297941ba973c2cc5fbf.jpg,2027
94c74bd06c2c47299a51336dd999164c.jpg,2031
370202a6007f4b629bd3153080a2ef3e.jpg,2032
fa78cdcaf89b420e887047aae197217f.jpg,2033
e1da75b7d7bb41c1b8be8b7f2daf7283.jpg,2034
95f9803be8bf46788016a5ffe38afa29.jpg,2037
673c510cfc9f4f0bb362a3be2fb706e4.jpg,2042
4540ccb0d5de417f8eb63415c6b95a0d.jpg,2045
ef29a1e85cd442b284e15c5fcb215fc1.jpg,2047
26d5788f7a4840519b7b9a25425dd69f.jpg,2050
503d606307444f34a2b7a22caa62bf63.jpg,2051
e0ea916dc60a4bfcab578cb8c0327fc7.jpg,2053
8b2f801694714ae4b2b4e73dc86585a6.jpg,2056
77ad5aff6ea644bd8e70f7cb36409419.jpg,2063
1f95cccf29b143febd88437122a87cb1.jpg,2067
aef463c3d4ad4839840dae4e8f3721aa.jpg,2069
b654b6ab9c2041e8a2f5b6cbb7e2ab7b.jpg,2070
935d03b6436e40698188e465c8954f1f.jpg,2071
00a6416749244b4d90dd9187c9064ac3.jpg,2072
4b49360e1ff540f284129e0d5ea313b5.jpg,2075
9b57f346f158405cabfffc2eae4bd2b6.jpg,2076
8319fef5373b4d558d838e4e174f84ec.jpg,2079
37406d14f8c74178ba55f87e4ed2205b.jpg,2081
b63b000c771040d8951dce7b373e5129.jpg,2087
1d47a69627d9445a93227d5d3cb71470.jpg,2091
503f7956952349b1b3c08ea1aa6b9c1e.jpg,2093
668576b3f1ec4602a18d9e2ea9a7a7d2.jpg,2096
43b9b9ccea4d4a8d957d3efa270c8f16.jpg,2102
a36943c886a443e78cdb89cb5ebbf8b1.jpg,2104
33104d148cee47f1a3bfd2e49aac2e60.jpg,2107
863d63d948c843b6b72cb2dc9379155f.jpg,2109
3d957fc34f1f4a1a9c74b21756dd324b.jpg,2110
7c6edf02829f484f930c7134c039c170.jpg,2123
2d47a2909b5242c39456ac3da52654b5.jpg,2125
914f06c4d5be4f57a70e2417451f7861.jpg,2128
2bef6a45ded94b67bbf4bb9650f5bc8d.jpg,2134
e325c23a57704fe1b0a08bd282b9c900.jpg,2138
4a572548a3ca43efa8e8f00da2e580c3.jpg,2141
64f1cd87f0f54b0e83d03b6563e420b2.jpg,2148
3e29a706c3ea45ef8c087fdd21eed7e8.jpg,2149
239f67248d0d48f598ccdc6b99808eeb.jpg,2150
25d81d7a314148009e5f04eb96d3d408.jpg,2154
de064608faaf4cc4927898df92637fcb.jpg,2155
41ffeb93ee1048a5a1946a90f25144d0.jpg,2158
8a5ca50ac1b3491ba065933de1d56528.jpg,2164
a9ddcbbf439c4ee88e290d51225c1a1f.jpg,2165
ca6c603495554529b21cda5bdd91071f.jpg,2166
3406d543a95e441d96ea863ed28a70ff.jpg,2168
c0b172e2babe4914a485607bd0ba9172.jpg,2170
4bc421509f21443c910e53c880f15ce3.jpg,2171
